Model,F1_CV
Pipeline,0.5397269485901974
Pipeline,0.5230287437814047
Pipeline,0.5078840908048983
Pipeline,0.5248584569497268
