Model,F1_CV
Pipeline,0.5363111962679847
Pipeline,0.5230287437814047
Pipeline,0.5078840908048983
Pipeline,0.5248584569497268
