Model,F1_CV
Pipeline,0.5435075640523406
Pipeline,0.5183072178872216
Pipeline,0.5078840908048983
Pipeline,0.5250613435370274
