Model,F1_CV
Pipeline,0.5406202015944984
Pipeline,0.5230287437814047
Pipeline,0.5078840908048983
Pipeline,0.5248584569497268
